Foodweb;Fish;Foodsource;mean;std;variance;mean_proportion;mean_sd;;;;;;;CALLIO;CALLIO;CALLIO
Coarse;CALLIO;Phyto;0.000;0.000;0.000;0.000;0.000;;;;;;;CALLIO;CALLIO;CALLIO
Coarse;CALLIO;Zoo;0.004;0.004;0.000;8.775;8.018;;;;;;;CALLIO;CALLIO;CALLIO
Coarse;CALLIO;SPOM;0.000;0.000;0.000;0.000;0.000;;;;;;;CALLIO;CALLIO;CALLIO
Coarse;CALLIO;SOM;0.000;0.000;0.000;0.000;0.000;;;;;;;CALLIO;CALLIO;CALLIO
Coarse;CALLIO;Biv;0.010;0.005;0.000;20.296;11.198;;;;;;;CALLIO;CALLIO;CALLIO
Coarse;CALLIO;Crust;0.020;0.007;0.000;41.517;14.941;;;;;;;CALLIO;CALLIO;CALLIO
Coarse;CALLIO;Poly;0.010;0.004;0.000;20.744;9.402;;;;;;;CALLIO;CALLIO;CALLIO
Coarse;CALLIO;Other;0.004;0.003;0.000;8.667;5.313;;;;;;;CALLIO;CALLIO;CALLIO
Coarse;CALLIO;Fish;0.000;0.000;0.000;0.000;0.000;;;;;;;CARANG;CARANG;CARANG
Coarse;CARANG;Phyto;0.000;0.000;0.000;0.000;0.000;;;;;;;CARANG;CARANG;CARANG
Coarse;CARANG;Zoo;0.000;0.000;0.000;9.643;8.848;;;;;;;CARANG;CARANG;CARANG
Coarse;CARANG;SPOM;0.000;0.000;0.000;0.000;0.000;;;;;;;CARANG;CARANG;CARANG
Coarse;CARANG;SOM;0.000;0.000;0.000;0.000;0.000;;;;;;;CARANG;CARANG;CARANG
Coarse;CARANG;Biv;0.001;0.000;0.000;21.685;11.581;;;;;;;CARANG;CARANG;CARANG
Coarse;CARANG;Crust;0.001;0.001;0.000;36.605;18.164;;;;;;;CARANG;CARANG;CARANG
Coarse;CARANG;Poly;0.000;0.000;0.000;0.000;0.000;;;;;;;CARANG;CARANG;CARANG
Coarse;CARANG;Other;0.000;0.000;0.000;0.000;0.000;;;;;;;CARANG;CARANG;CARANG
Coarse;CARANG;Fish;0.001;0.000;0.000;32.067;7.470;;;;;;;GADIFO;GADIFO;GADIFO
Coarse;GADIFO;Phyto;0.000;0.000;0.000;0.000;0.000;;;;;;;GADIFO;GADIFO;GADIFO
Coarse;GADIFO;Zoo;0.000;0.000;0.000;1.526;1.441;;;;;;;GADIFO;GADIFO;GADIFO
Coarse;GADIFO;SPOM;0.000;0.000;0.000;0.000;0.000;;;;;;;GADIFO;GADIFO;GADIFO
Coarse;GADIFO;SOM;0.000;0.000;0.000;0.000;0.000;;;;;;;GADIFO;GADIFO;GADIFO
Coarse;GADIFO;Biv;0.000;0.000;0.000;0.000;0.000;;;;;;;GADIFO;GADIFO;GADIFO
Coarse;GADIFO;Crust;0.003;0.001;0.000;15.735;6.191;;;;;;;GADIFO;GADIFO;GADIFO
Coarse;GADIFO;Poly;0.003;0.001;0.000;15.667;7.226;;;;;;;GADIFO;GADIFO;GADIFO
Coarse;GADIFO;Other;0.004;0.002;0.000;20.708;10.177;;;;;;;GADIFO;GADIFO;GADIFO
Coarse;GADIFO;Fish;0.009;0.002;0.000;46.364;11.495;;;;;;;GOBIFO;GOBIFO;GOBIFO
Coarse;GOBIFO;Phyto;0.000;0.000;0.000;0.000;0.000;;;;;;;GOBIFO;GOBIFO;GOBIFO
Coarse;GOBIFO;Zoo;0.000;0.000;0.000;3.771;3.512;;;;;;;GOBIFO;GOBIFO;GOBIFO
Coarse;GOBIFO;SPOM;0.000;0.000;0.000;2.942;2.743;;;;;;;GOBIFO;GOBIFO;GOBIFO
Coarse;GOBIFO;SOM;0.000;0.000;0.000;1.870;1.713;;;;;;;GOBIFO;GOBIFO;GOBIFO
Coarse;GOBIFO;Biv;0.001;0.001;0.000;8.733;4.719;;;;;;;GOBIFO;GOBIFO;GOBIFO
Coarse;GOBIFO;Crust;0.004;0.002;0.000;32.992;12.878;;;;;;;GOBIFO;GOBIFO;GOBIFO
Coarse;GOBIFO;Poly;0.006;0.002;0.000;43.231;17.045;;;;;;;GOBIFO;GOBIFO;GOBIFO
Coarse;GOBIFO;Other;0.000;0.000;0.000;3.814;2.735;;;;;;;GOBIFO;GOBIFO;GOBIFO
Coarse;GOBIFO;Fish;0.000;0.000;0.000;2.647;2.299;;;;;;;COTTOI;COTTOI;COTTOI
Coarse;MULLIF;Phyto;0.000;0.000;0.000;0.000;0.000;;;;;;;COTTOI;COTTOI;COTTOI
Coarse;MULLIF;Zoo;0.000;0.000;0.000;5.258;4.782;;;;;;;COTTOI;COTTOI;COTTOI
Coarse;MULLIF;SPOM;0.000;0.000;0.000;0.000;0.000;;;;;;;COTTOI;COTTOI;COTTOI
Coarse;MULLIF;SOM;0.000;0.000;0.000;0.000;0.000;;;;;;;COTTOI;COTTOI;COTTOI
Coarse;MULLIF;Biv;0.000;0.000;0.000;14.072;7.369;;;;;;;COTTOI;COTTOI;COTTOI
Coarse;MULLIF;Crust;0.001;0.000;0.000;32.810;12.197;;;;;;;COTTOI;COTTOI;COTTOI
Coarse;MULLIF;Poly;0.001;0.000;0.000;29.725;11.239;;;;;;;COTTOI;COTTOI;COTTOI
Coarse;MULLIF;Other;0.000;0.000;0.000;13.566;7.493;;;;;;;COTTOI;COTTOI;COTTOI
Coarse;MULLIF;Fish;0.000;0.000;0.000;4.569;4.036;;;;;;;PERCOI;PERCOI;PERCOI
Coarse;COTTOI;Phyto;0.000;0.000;0.000;0.000;0.000;;;;;;;PERCOI;PERCOI;PERCOI
Coarse;COTTOI;Zoo;0.000;0.000;0.000;3.849;3.584;;;;;;;PERCOI;PERCOI;PERCOI
Coarse;COTTOI;SPOM;0.000;0.000;0.000;0.000;0.000;;;;;;;PERCOI;PERCOI;PERCOI
Coarse;COTTOI;SOM;0.000;0.000;0.000;0.000;0.000;;;;;;;PERCOI;PERCOI;PERCOI
Coarse;COTTOI;Biv;0.000;0.000;0.000;10.524;5.700;;;;;;;PERCOI;PERCOI;PERCOI
Coarse;COTTOI;Crust;0.000;0.000;0.000;29.976;11.938;;;;;;;PERCOI;PERCOI;PERCOI
Coarse;COTTOI;Poly;0.000;0.000;0.000;39.399;14.987;;;;;;;PERCOI;PERCOI;PERCOI
Coarse;COTTOI;Other;0.000;0.000;0.000;6.952;4.671;;;;;;;PERCOI;PERCOI;PERCOI
Coarse;COTTOI;Fish;0.000;0.000;0.000;9.301;6.796;;;;;;;SCORPA;SCORPA;SCORPA
Coarse;PERCOI;Phyto;0.000;0.000;0.000;0.000;0.000;;;;;;;SCORPA;SCORPA;SCORPA
Coarse;PERCOI;Zoo;0.000;0.000;0.000;4.682;4.365;;;;;;;SCORPA;SCORPA;SCORPA
Coarse;PERCOI;SPOM;0.000;0.000;0.000;0.000;0.000;;;;;;;SCORPA;SCORPA;SCORPA
Coarse;PERCOI;SOM;0.000;0.000;0.000;2.758;2.420;;;;;;;SCORPA;SCORPA;SCORPA
Coarse;PERCOI;Biv;0.000;0.000;0.000;0.000;0.000;;;;;;;SCORPA;SCORPA;SCORPA
Coarse;PERCOI;Crust;0.000;0.000;0.000;45.633;14.669;;;;;;;SCORPA;SCORPA;SCORPA
Coarse;PERCOI;Poly;0.000;0.000;0.000;38.051;15.391;;;;;;;SCORPA;SCORPA;SCORPA
Coarse;PERCOI;Other;0.000;0.000;0.000;0.000;0.000;;;;;;;SCORPA;SCORPA;SCORPA
Coarse;PERCOI;Fish;0.000;0.000;0.000;8.876;6.945;;;;;;;AMMODY;AMMODY;AMMODY
Coarse;SCORPA;Phyto;0.000;0.000;0.000;0.000;0.000;;;;;;;AMMODY;AMMODY;AMMODY
Coarse;SCORPA;Zoo;0.000;0.000;0.000;4.577;4.218;;;;;;;AMMODY;AMMODY;AMMODY
Coarse;SCORPA;SPOM;0.000;0.000;0.000;0.000;0.000;;;;;;;AMMODY;AMMODY;AMMODY
Coarse;SCORPA;SOM;0.000;0.000;0.000;0.000;0.000;;;;;;;AMMODY;AMMODY;AMMODY
Coarse;SCORPA;Biv;0.000;0.000;0.000;0.000;0.000;;;;;;;AMMODY;AMMODY;AMMODY
Coarse;SCORPA;Crust;0.003;0.001;0.000;43.392;15.704;;;;;;;AMMODY;AMMODY;AMMODY
Coarse;SCORPA;Poly;0.000;0.000;0.000;0.000;0.000;;;;;;;AMMODY;AMMODY;AMMODY
Coarse;SCORPA;Other;0.000;0.000;0.000;0.000;0.000;;;;;;;AMMODY;AMMODY;AMMODY
Coarse;SCORPA;Fish;0.003;0.001;0.000;52.031;20.116;;;;;;;PLEURO;PLEURO;PLEURO
Coarse;AMMODY;Phyto;0.000;0.000;0.000;0.000;0.000;;;;;;;PLEURO;PLEURO;PLEURO
Coarse;AMMODY;Zoo;0.001;0.001;0.000;15.294;13.343;;;;;;;PLEURO;PLEURO;PLEURO
Coarse;AMMODY;SPOM;0.000;0.000;0.000;0.000;0.000;;;;;;;PLEURO;PLEURO;PLEURO
Coarse;AMMODY;SOM;0.000;0.000;0.000;0.000;0.000;;;;;;;PLEURO;PLEURO;PLEURO
Coarse;AMMODY;Biv;0.000;0.000;0.000;0.000;0.000;;;;;;;PLEURO;PLEURO;PLEURO
Coarse;AMMODY;Crust;0.004;0.001;0.000;67.383;25.175;;;;;;;PLEURO;PLEURO;PLEURO
Coarse;AMMODY;Poly;0.000;0.000;0.000;0.000;0.000;;;;;;;PLEURO;PLEURO;PLEURO
Coarse;AMMODY;Other;0.000;0.000;0.000;0.000;0.000;;;;;;;PLEURO;PLEURO;PLEURO
Coarse;AMMODY;Fish;0.001;0.000;0.000;17.323;7.223;;;;;;;;CLUPEI;CLUPEI
Coarse;PLEURO;Phyto;0.000;0.000;0.000;0.000;0.000;;;;;;;;CLUPEI;CLUPEI
Coarse;PLEURO;Zoo;0.024;0.021;0.000;9.289;8.110;;;;;;;;CLUPEI;CLUPEI
Coarse;PLEURO;SPOM;0.000;0.000;0.000;0.000;0.000;;;;;;;;CLUPEI;CLUPEI
Coarse;PLEURO;SOM;0.000;0.000;0.000;0.000;0.000;;;;;;;;CLUPEI;CLUPEI
Coarse;PLEURO;Biv;0.037;0.022;0.000;14.154;8.593;;;;;;;;CLUPEI;CLUPEI
Coarse;PLEURO;Crust;0.086;0.032;0.001;33.177;12.423;;;;;;;;CLUPEI;CLUPEI
Coarse;PLEURO;Poly;0.044;0.020;0.000;16.884;7.771;;;;;;;;CLUPEI;CLUPEI
Coarse;PLEURO;Other;0.056;0.026;0.001;21.746;9.981;;;;;;;;CLUPEI;CLUPEI
Coarse;PLEURO;Fish;0.012;0.010;0.000;4.751;3.824;;;;;;;MULLIF;;MULLIF
Fine;CALLIO;Phyto;0.000;0.000;0.000;0.000;0.000;0.000;0.000;;;;;MULLIF;;MULLIF
Fine;CALLIO;Zoo;0.002;0.001;0.000;5.312;4.867;6.609;0.063;;;;;MULLIF;;MULLIF
Fine;CALLIO;SPOM;0.000;0.000;0.000;0.000;0.000;0.000;0.000;;;;;MULLIF;;MULLIF
Fine;CALLIO;SOM;0.000;0.000;0.000;0.000;0.000;0.000;0.000;;;;;MULLIF;;MULLIF
Fine;CALLIO;Biv;0.006;0.003;0.000;20.273;9.110;13.602;0.078;;;;;MULLIF;;MULLIF
Fine;CALLIO;Crust;0.005;0.003;0.000;17.979;8.213;32.786;0.123;;;;;MULLIF;;MULLIF
Fine;CALLIO;Poly;0.011;0.004;0.000;37.067;13.121;31.897;0.109;;;;;MULLIF;;MULLIF
Fine;CALLIO;Other;0.006;0.003;0.000;19.369;8.313;15.106;0.078;;;;;MULLIF;;MULLIF
Fine;CALLIO;Fish;0.000;0.000;0.000;0.000;0.000;0.000;0.000;;;;;;;SCOMBR
Fine;CARANG;Phyto;0.000;0.000;0.000;0.000;0.000;;;;;;;;;SCOMBR
Fine;CARANG;Zoo;0.000;0.000;0.000;8.316;7.453;;;;;;;;;SCOMBR
Fine;CARANG;SPOM;0.000;0.000;0.000;0.000;0.000;;;;;;;;;SCOMBR
Fine;CARANG;SOM;0.000;0.000;0.000;0.000;0.000;;;;;;;;;SCOMBR
Fine;CARANG;Biv;0.000;0.000;0.000;32.174;14.805;;;;;;;;;SCOMBR
Fine;CARANG;Crust;0.000;0.000;0.000;32.844;15.477;;;;;;;;;SCOMBR
Fine;CARANG;Poly;0.000;0.000;0.000;0.000;0.000;;;;;;;;;SCOMBR
Fine;CARANG;Other;0.000;0.000;0.000;0.000;0.000;;;;;;;;;SCOMBR
Fine;CARANG;Fish;0.000;0.000;0.000;26.666;13.381;;;;;;;;;ZEIFOR
Fine;CLUPEI;Phyto;0.000;0.000;0.000;0.000;0.000;;;;;;;;;ZEIFOR
Fine;CLUPEI;Zoo;0.001;0.000;0.000;100.000;25.423;;;;;;;;;ZEIFOR
Fine;CLUPEI;SPOM;0.000;0.000;0.000;0.000;0.000;;;;;;;;;ZEIFOR
Fine;CLUPEI;SOM;0.000;0.000;0.000;0.000;0.000;;;;;;;;;ZEIFOR
Fine;CLUPEI;Biv;0.000;0.000;0.000;0.000;0.000;;;;;;;;;ZEIFOR
Fine;CLUPEI;Crust;0.000;0.000;0.000;0.000;0.000;;;;;;;;;ZEIFOR
Fine;CLUPEI;Poly;0.000;0.000;0.000;0.000;0.000;;;;;;;;;ZEIFOR
Fine;CLUPEI;Other;0.000;0.000;0.000;0.000;0.000;;;;;;;;;ZEIFOR
Fine;CLUPEI;Fish;0.000;0.000;0.000;0.000;0.000;;;;;;;;;
Fine;GADIFO;Phyto;0.000;0.000;0.000;0.000;0.000;;;;;;;;;
Fine;GADIFO;Zoo;0.016;0.015;0.000;3.204;3.098;;;;;;;;;
Fine;GADIFO;SPOM;0.000;0.000;0.000;0.000;0.000;;;;;;;;;
Fine;GADIFO;SOM;0.000;0.000;0.000;0.000;0.000;;;;;;;;;
Fine;GADIFO;Biv;0.014;0.014;0.000;2.961;2.796;;;;;;;;;
Fine;GADIFO;Crust;0.067;0.029;0.001;13.735;5.995;;;;;;;;;
Fine;GADIFO;Poly;0.106;0.041;0.002;21.845;8.524;;;;;;;;;
Fine;GADIFO;Other;0.150;0.067;0.004;30.866;13.828;;;;;;;;;
Fine;GADIFO;Fish;0.133;0.044;0.002;27.390;9.031;;;;;;;;;
Fine;GOBIFO;Phyto;0.000;0.000;0.000;0.000;0.000;;;;;;;;;
Fine;GOBIFO;Zoo;0.000;0.000;0.000;3.148;3.007;;;;;;;;;
Fine;GOBIFO;SPOM;0.000;0.000;0.000;2.388;2.248;;;;;;;;;
Fine;GOBIFO;SOM;0.000;0.000;0.000;1.550;1.449;;;;;;;;;
Fine;GOBIFO;Biv;0.000;0.000;0.000;11.934;5.819;;;;;;;;;
Fine;GOBIFO;Crust;0.001;0.000;0.000;19.836;9.647;;;;;;;;;
Fine;GOBIFO;Poly;0.001;0.000;0.000;41.124;14.208;;;;;;;;;
Fine;GOBIFO;Other;0.000;0.000;0.000;15.538;7.696;;;;;;;;;
Fine;GOBIFO;Fish;0.000;0.000;0.000;4.481;3.618;;;;;;;;;
Fine;COTTOI;Phyto;0.000;0.000;0.000;0.000;0.000;;;;;;;;;
Fine;COTTOI;Zoo;0.001;0.001;0.000;3.002;2.801;;;;;;;;;
Fine;COTTOI;SPOM;0.000;0.000;0.000;0.000;0.000;;;;;;;;;
Fine;COTTOI;SOM;0.000;0.000;0.000;0.000;0.000;;;;;;;;;
Fine;COTTOI;Biv;0.003;0.001;0.000;11.719;5.683;;;;;;;;;
Fine;COTTOI;Crust;0.009;0.004;0.000;35.474;14.938;;;;;;;;;
Fine;COTTOI;Poly;0.010;0.004;0.000;40.818;14.620;;;;;;;;;
Fine;COTTOI;Other;0.002;0.001;0.000;8.536;4.855;;;;;;;;;
Fine;COTTOI;Fish;0.000;0.000;0.000;0.451;0.392;;;;;;;;;
Fine;PERCOI;Phyto;0.000;0.000;0.000;0.000;0.000;;;;;;;;;
Fine;PERCOI;Zoo;0.000;0.000;0.000;4.512;4.097;;;;;;;;;
Fine;PERCOI;SPOM;0.000;0.000;0.000;0.000;0.000;;;;;;;;;
Fine;PERCOI;SOM;0.000;0.000;0.000;2.356;2.066;;;;;;;;;
Fine;PERCOI;Biv;0.000;0.000;0.000;0.000;0.000;;;;;;;;;
Fine;PERCOI;Crust;0.004;0.001;0.000;46.174;16.702;;;;;;;;;
Fine;PERCOI;Poly;0.004;0.001;0.000;45.713;16.842;;;;;;;;;
Fine;PERCOI;Other;0.000;0.000;0.000;0.000;0.000;;;;;;;;;
Fine;PERCOI;Fish;0.000;0.000;0.000;1.246;1.082;;;;;;;;;
Fine;SCORPA;Phyto;0.000;0.000;0.000;0.000;0.000;;;;;;;;;
Fine;SCORPA;Zoo;0.001;0.001;0.000;6.922;5.868;;;;;;;;;
Fine;SCORPA;SPOM;0.000;0.000;0.000;0.000;0.000;;;;;;;;;
Fine;SCORPA;SOM;0.000;0.000;0.000;0.000;0.000;;;;;;;;;
Fine;SCORPA;Biv;0.000;0.000;0.000;0.000;0.000;;;;;;;;;
Fine;SCORPA;Crust;0.007;0.003;0.000;49.735;19.446;;;;;;;;;
Fine;SCORPA;Poly;0.000;0.000;0.000;0.000;0.000;;;;;;;;;
Fine;SCORPA;Other;0.000;0.000;0.000;0.000;0.000;;;;;;;;;
Fine;SCORPA;Fish;0.006;0.002;0.000;43.343;17.582;;;;;;;;;
Fine;AMMODY;Phyto;0.000;0.000;0.000;0.000;0.000;;;;;;;;;
Fine;AMMODY;Zoo;0.003;0.002;0.000;22.878;18.545;;;;;;;;;
Fine;AMMODY;SPOM;0.000;0.000;0.000;0.000;0.000;;;;;;;;;
Fine;AMMODY;SOM;0.000;0.000;0.000;0.000;0.000;;;;;;;;;
Fine;AMMODY;Biv;0.000;0.000;0.000;0.000;0.000;;;;;;;;;
Fine;AMMODY;Crust;0.008;0.003;0.000;65.018;26.660;;;;;;;;;
Fine;AMMODY;Poly;0.000;0.000;0.000;0.000;0.000;;;;;;;;;
Fine;AMMODY;Other;0.000;0.000;0.000;0.000;0.000;;;;;;;;;
Fine;AMMODY;Fish;0.002;0.001;0.000;12.104;5.867;;;;;;;;;
Fine;PLEURO;Phyto;0.000;0.000;0.000;0.000;0.000;;;;;;;;;
Fine;PLEURO;Zoo;0.033;0.031;0.001;7.422;6.875;;;;;;;;;
Fine;PLEURO;SPOM;0.000;0.000;0.000;0.000;0.000;;;;;;;;;
Fine;PLEURO;SOM;0.000;0.000;0.000;0.000;0.000;;;;;;;;;
Fine;PLEURO;Biv;0.143;0.062;0.004;32.220;13.906;;;;;;;;;
Fine;PLEURO;Crust;0.060;0.025;0.001;13.556;5.620;;;;;;;;;
Fine;PLEURO;Poly;0.084;0.032;0.001;18.971;7.151;;;;;;;;;
Fine;PLEURO;Other;0.113;0.046;0.002;25.427;10.350;;;;;;;;;
Fine;PLEURO;Fish;0.011;0.009;0.000;2.404;2.049;;;;;;;;;
OWF;CALLIO;Phyto;0.000;0.000;0.000;0.000;0.000;;;;;;;;;
OWF;CALLIO;Zoo;0.001;0.001;0.000;6.609;0.063;;;;;;;;;
OWF;CALLIO;SPOM;0.000;0.000;0.000;0.000;0.000;;;;;;;;;
OWF;CALLIO;SOM;0.000;0.000;0.000;0.000;0.000;;;;;;;;;
OWF;CALLIO;Biv;0.003;0.001;0.000;13.602;0.078;;;;;;;;;
OWF;CALLIO;Crust;0.006;0.002;0.000;32.786;0.123;;;;;;;;;
OWF;CALLIO;Poly;0.006;0.002;0.000;31.897;0.109;;;;;;;;;
OWF;CALLIO;Other;0.003;0.001;0.000;15.106;0.078;;;;;;;;;
OWF;CALLIO;Fish;0.000;0.000;0.000;0.000;0.000;;;;;;;;;
OWF;CARANG;Phyto;0.000;0.000;0.000;0.000;0.000;;;;;;;;;
OWF;CARANG;Zoo;0.001;0.001;0.000;7.976;0.071;;;;;;;;;
OWF;CARANG;SPOM;0.000;0.000;0.000;0.000;0.000;;;;;;;;;
OWF;CARANG;SOM;0.000;0.000;0.000;0.000;0.000;;;;;;;;;
OWF;CARANG;Biv;0.000;0.000;0.000;0.000;0.000;;;;;;;;;
OWF;CARANG;Crust;0.009;0.003;0.000;65.450;0.206;;;;;;;;;
OWF;CARANG;Poly;0.000;0.000;0.000;0.000;0.000;;;;;;;;;
OWF;CARANG;Other;0.001;0.001;0.000;9.488;0.086;;;;;;;;;
OWF;CARANG;Fish;0.002;0.001;0.000;17.086;0.085;;;;;;;;;
OWF;CLUPEI;Phyto;0.000;0.000;0.000;0.000;0.000;;;;;;;;;
OWF;CLUPEI;Zoo;0.001;0.000;0.000;92.514;0.071;;;;;;;;;
OWF;CLUPEI;SPOM;0.000;0.000;0.000;0.000;0.000;;;;;;;;;
OWF;CLUPEI;SOM;0.000;0.000;0.000;0.000;0.000;;;;;;;;;
OWF;CLUPEI;Biv;0.000;0.000;0.000;0.000;0.000;;;;;;;;;
OWF;CLUPEI;Crust;0.000;0.000;0.000;0.000;0.000;;;;;;;;;
OWF;CLUPEI;Poly;0.000;0.000;0.000;0.000;0.000;;;;;;;;;
OWF;CLUPEI;Other;0.000;0.000;0.000;0.000;0.000;;;;;;;;;
OWF;CLUPEI;Fish;0.000;0.000;0.000;7.486;0.063;;;;;;;;;
OWF;GADIFO;Phyto;0.000;0.000;0.000;0.000;0.000;;;;;;;;;
OWF;GADIFO;Zoo;0.000;0.000;0.000;1.392;0.014;;;;;;;;;
OWF;GADIFO;SPOM;0.000;0.000;0.000;0.000;0.000;;;;;;;;;
OWF;GADIFO;SOM;0.000;0.000;0.000;0.000;0.000;;;;;;;;;
OWF;GADIFO;Biv;0.000;0.000;0.000;1.235;0.012;;;;;;;;;
OWF;GADIFO;Crust;0.003;0.001;0.000;23.462;0.068;;;;;;;;;
OWF;GADIFO;Poly;0.002;0.001;0.000;21.504;0.068;;;;;;;;;
OWF;GADIFO;Other;0.002;0.001;0.000;17.690;0.065;;;;;;;;;
OWF;GADIFO;Fish;0.004;0.001;0.000;34.717;0.110;;;;;;;;;
OWF;GOBIFO;Phyto;0.000;0.000;0.000;0.000;0.000;;;;;;;;;
OWF;GOBIFO;Zoo;0.000;0.000;0.000;4.688;0.044;;;;;;;;;
OWF;GOBIFO;SPOM;0.000;0.000;0.000;4.182;0.038;;;;;;;;;
OWF;GOBIFO;SOM;0.000;0.000;0.000;3.354;0.029;;;;;;;;;
OWF;GOBIFO;Biv;0.000;0.000;0.000;12.519;0.068;;;;;;;;;
OWF;GOBIFO;Crust;0.000;0.000;0.000;23.324;0.098;;;;;;;;;
OWF;GOBIFO;Poly;0.000;0.000;0.000;41.085;0.127;;;;;;;;;
OWF;GOBIFO;Other;0.000;0.000;0.000;8.431;0.053;;;;;;;;;
OWF;GOBIFO;Fish;0.000;0.000;0.000;2.416;0.023;;;;;;;;;
OWF;MULLIF;Phyto;0.000;0.000;0.000;0.000;0.000;;;;;;;;;
OWF;MULLIF;Zoo;0.000;0.000;0.000;3.194;0.030;;;;;;;;;
OWF;MULLIF;SPOM;0.000;0.000;0.000;0.000;0.000;;;;;;;;;
OWF;MULLIF;SOM;0.000;0.000;0.000;0.000;0.000;;;;;;;;;
OWF;MULLIF;Biv;0.001;0.000;0.000;7.058;0.039;;;;;;;;;
OWF;MULLIF;Crust;0.003;0.001;0.000;39.736;0.115;;;;;;;;;
OWF;MULLIF;Poly;0.002;0.001;0.000;33.436;0.110;;;;;;;;;
OWF;MULLIF;Other;0.001;0.001;0.000;14.626;0.076;;;;;;;;;
OWF;MULLIF;Fish;0.000;0.000;0.000;1.950;0.017;;;;;;;;;
OWF;COTTOI;Phyto;0.000;0.000;0.000;0.000;0.000;;;;;;;;;
OWF;COTTOI;Zoo;0.000;0.000;0.000;0.841;0.008;;;;;;;;;
OWF;COTTOI;SPOM;0.000;0.000;0.000;0.000;0.000;;;;;;;;;
OWF;COTTOI;SOM;0.000;0.000;0.000;0.000;0.000;;;;;;;;;
OWF;COTTOI;Biv;0.000;0.000;0.000;2.751;0.013;;;;;;;;;
OWF;COTTOI;Crust;0.005;0.000;0.000;68.752;0.064;;;;;;;;;
OWF;COTTOI;Poly;0.002;0.000;0.000;20.127;0.065;;;;;;;;;
OWF;COTTOI;Other;0.000;0.000;0.000;5.093;0.023;;;;;;;;;
OWF;COTTOI;Fish;0.000;0.000;0.000;2.436;0.018;;;;;;;;;
OWF;PERCOI;Phyto;0.000;0.000;0.000;0.000;0.000;;;;;;;;;
OWF;PERCOI;Zoo;0.002;0.002;0.000;3.571;0.034;;;;;;;;;
OWF;PERCOI;SPOM;0.000;0.000;0.000;0.000;0.000;;;;;;;;;
OWF;PERCOI;SOM;0.001;0.001;0.000;2.177;0.019;;;;;;;;;
OWF;PERCOI;Biv;0.000;0.000;0.000;0.000;0.000;;;;;;;;;
OWF;PERCOI;Crust;0.020;0.005;0.000;40.409;0.105;;;;;;;;;
OWF;PERCOI;Poly;0.013;0.005;0.000;26.280;0.105;;;;;;;;;
OWF;PERCOI;Other;0.006;0.004;0.000;11.426;0.076;;;;;;;;;
OWF;PERCOI;Fish;0.008;0.003;0.000;16.137;0.066;;;;;;;;;
OWF;SCORPA;Phyto;0.000;0.000;0.000;0.000;0.000;;;;;;;;;
OWF;SCORPA;Zoo;0.000;0.000;0.000;2.729;0.026;;;;;;;;;
OWF;SCORPA;SPOM;0.000;0.000;0.000;0.000;0.000;;;;;;;;;
OWF;SCORPA;SOM;0.000;0.000;0.000;0.000;0.000;;;;;;;;;
OWF;SCORPA;Biv;0.000;0.000;0.000;7.466;0.041;;;;;;;;;
OWF;SCORPA;Crust;0.001;0.000;0.000;37.850;0.096;;;;;;;;;
OWF;SCORPA;Poly;0.000;0.000;0.000;22.845;0.074;;;;;;;;;
OWF;SCORPA;Other;0.000;0.000;0.000;10.337;0.051;;;;;;;;;
OWF;SCORPA;Fish;0.000;0.000;0.000;18.773;0.064;;;;;;;;;
OWF;AMMODY;Phyto;0.000;0.000;0.000;0.000;0.000;;;;;;;;;
OWF;AMMODY;Zoo;0.001;0.000;0.000;11.974;0.106;;;;;;;;;
OWF;AMMODY;SPOM;0.000;0.000;0.000;0.000;0.000;;;;;;;;;
OWF;AMMODY;SOM;0.000;0.000;0.000;0.000;0.000;;;;;;;;;
OWF;AMMODY;Biv;0.000;0.000;0.000;0.000;0.000;;;;;;;;;
OWF;AMMODY;Crust;0.003;0.001;0.000;70.025;0.226;;;;;;;;;
OWF;AMMODY;Poly;0.000;0.000;0.000;0.000;0.000;;;;;;;;;
OWF;AMMODY;Other;0.000;0.000;0.000;0.000;0.000;;;;;;;;;
OWF;AMMODY;Fish;0.001;0.000;0.000;18.001;0.073;;;;;;;;;
OWF;PLEURO;Phyto;0.000;0.000;0.000;0.000;0.000;;;;;;;;;
OWF;PLEURO;Zoo;0.095;0.020;0.000;39.376;0.083;;;;;;;;;
OWF;PLEURO;SPOM;0.000;0.000;0.000;0.000;0.000;;;;;;;;;
OWF;PLEURO;SOM;0.000;0.000;0.000;0.000;0.000;;;;;;;;;
OWF;PLEURO;Biv;0.008;0.005;0.000;3.185;0.020;;;;;;;;;
OWF;PLEURO;Crust;0.046;0.012;0.000;19.197;0.050;;;;;;;;;
OWF;PLEURO;Poly;0.025;0.009;0.000;10.523;0.039;;;;;;;;;
OWF;PLEURO;Other;0.056;0.015;0.000;23.193;0.062;;;;;;;;;
OWF;PLEURO;Fish;0.011;0.005;0.000;4.525;0.019;;;;;;;;;
OWF;SCOMBR;Phyto;0.000;0.000;0.000;0.000;0.000;;;;;;;;;
OWF;SCOMBR;Zoo;0.001;0.000;0.000;8.678;0.073;;;;;;;;;
OWF;SCOMBR;SPOM;0.000;0.000;0.000;0.000;0.000;;;;;;;;;
OWF;SCOMBR;SOM;0.000;0.000;0.000;0.000;0.000;;;;;;;;;
OWF;SCOMBR;Biv;0.000;0.000;0.000;0.000;0.000;;;;;;;;;
OWF;SCOMBR;Crust;0.006;0.002;0.000;91.322;0.300;;;;;;;;;
OWF;SCOMBR;Poly;0.000;0.000;0.000;0.000;0.000;;;;;;;;;
OWF;SCOMBR;Other;0.000;0.000;0.000;0.000;0.000;;;;;;;;;
OWF;SCOMBR;Fish;0.000;0.000;0.000;0.000;0.000;;;;;;;;;
OWF;ZEIFOR;Phyto;0.000;0.000;0.000;0.000;0.000;;;;;;;;;
OWF;ZEIFOR;Zoo;0.000;0.000;0.000;99.266;0.074;;;;;;;;;
OWF;ZEIFOR;SPOM;0.000;0.000;0.000;0.000;0.000;;;;;;;;;
OWF;ZEIFOR;SOM;0.000;0.000;0.000;0.000;0.000;;;;;;;;;
OWF;ZEIFOR;Biv;0.000;0.000;0.000;0.000;0.000;;;;;;;;;
OWF;ZEIFOR;Crust;0.000;0.000;0.000;0.352;0.002;;;;;;;;;
OWF;ZEIFOR;Poly;0.000;0.000;0.000;0.000;0.000;;;;;;;;;
OWF;ZEIFOR;Other;0.000;0.000;0.000;0.059;0.001;;;;;;;;;
OWF;ZEIFOR;Fish;0.000;0.000;0.000;0.323;0.001;;;;;;;;;
